{
  "Mode": "player-owner-components",
  "GeneratedAtUtc": "2026-04-10T06:37:09.3614156+00:00",
  "SelectorTraceFile": "C:\\RIFT MODDING\\RiftReader\\scripts\\captures\\player-selector-owner-trace.json",
  "Owner": {
    "Address": "0x1576A38AA10",
    "ContainerAddress": "0x1577AD9B540",
    "SelectedSourceAddress": "0x1577AC2FB60",
    "StateRecordAddress": "0x1576A38AAD8"
  },
  "EntryCount": 16,
  "Entries": [
    {
      "Index": 0,
      "Address": "0x1577AC2F5A0",
      "RoleHints": [],
      "Q8": null,
      "Q68": null,
      "Q100": null,
      "OwnerRefCount": 1,
      "SourceRefCount": 0,
      "Coord48": {
        "X": 0.0,
        "Y": 0.0,
        "Z": 0.0
      },
      "Coord88": {
        "X": 0.0,
        "Y": 0.0,
        "Z": 0.0
      },
      "Orientation60": {
        "X": 0.0,
        "Y": 0.0,
        "Z": 0.0
      },
      "Orientation94": {
        "X": 0.0,
        "Y": 0.0,
        "Z": 0.0
      }
    },
    {
      "Index": 1,
      "Address": "0x1577AC2FAB0",
      "RoleHints": [],
      "Q8": null,
      "Q68": "0x43",
      "Q100": "0x453889C7",
      "OwnerRefCount": 4,
      "SourceRefCount": 0,
      "Coord48": {
        "X": 0.0,
        "Y": 0.0,
        "Z": 5.58113620647712E+25
      },
      "Coord88": {
        "X": 0.0,
        "Y": 0.0,
        "Z": 6561710080.0
      },
      "Orientation60": {
        "X": 7.253185982806301E+25,
        "Y": 4.8064537326341226E-43,
        "Z": 9.388699710976274E-44
      },
      "Orientation94": {
        "X": 4.8064537326341226E-43,
        "Y": 0.0,
        "Z": 0.0
      }
    },
    {
      "Index": 2,
      "Address": "0x1577AC2FAF0",
      "RoleHints": [],
      "Q8": null,
      "Q68": "0x123",
      "Q100": "0x3E88C5A6453889C7",
      "OwnerRefCount": 3,
      "SourceRefCount": 0,
      "Coord48": {
        "X": 0.0,
        "Y": 0.0,
        "Z": 6561710080.0
      },
      "Coord88": {
        "X": 0.0,
        "Y": 0.0,
        "Z": 1.0193906828054279E-38
      },
      "Orientation60": {
        "X": 0.0,
        "Y": 0.0,
        "Z": 4.077778531185218E-43
      },
      "Orientation94": {
        "X": 9.918393333087984E-39,
        "Y": 1.401298464324817E-43,
        "Z": 0.0
      }
    },
    {
      "Index": 3,
      "Address": "0x1577AC2FB20",
      "RoleHints": [
        "coord88-match"
      ],
      "Q8": null,
      "Q68": "0x64",
      "Q100": "0x3F8000003F733333",
      "OwnerRefCount": 2,
      "SourceRefCount": 0,
      "Coord48": {
        "X": 6.685208970423613E+35,
        "Y": 4.8064537326341226E-43,
        "Z": 5.58113620647712E+25
      },
      "Coord88": {
        "X": 7439.55126953125,
        "Y": 863.6438598632812,
        "Z": 2952.611083984375
      },
      "Orientation60": {
        "X": 1.0193906828054279E-38,
        "Y": 9.918393333087984E-39,
        "Z": 1.401298464324817E-43
      },
      "Orientation94": {
        "X": 0.0,
        "Y": 0.0,
        "Z": 0.0
      }
    },
    {
      "Index": 4,
      "Address": "0x1577AC2C120",
      "RoleHints": [],
      "Q8": null,
      "Q68": "0x1577B142A10",
      "Q100": "0x1576FF33B90",
      "OwnerRefCount": 1,
      "SourceRefCount": 0,
      "Coord48": {
        "X": 0.0,
        "Y": 0.0,
        "Z": 1.401298464324817E-45
      },
      "Coord88": {
        "X": 7.216687091272808E-43,
        "Y": 0.0,
        "Z": 1.1763802290453834E+25
      },
      "Orientation60": {
        "X": 7.69073477953665E+35,
        "Y": 4.8064537326341226E-43,
        "Z": 7.693130639171081E+35
      },
      "Orientation94": {
        "X": 4.590513639281668E-41,
        "Y": 0.0,
        "Z": 4.8064537326341226E-43
      }
    },
    {
      "Index": 5,
      "Address": "0x1577AC2F1E0",
      "RoleHints": [],
      "Q8": "0x1577AD9AAB0",
      "Q68": "0x1577B482320",
      "Q100": "0x1",
      "OwnerRefCount": 1,
      "SourceRefCount": 0,
      "Coord48": {
        "X": 7.523895641436803E+25,
        "Y": 4.8064537326341226E-43,
        "Z": 0.0
      },
      "Coord88": {
        "X": 0.0,
        "Y": 0.0,
        "Z": 3.363116314379561E-44
      },
      "Orientation60": {
        "X": 1.0228457192639544E+36,
        "Y": 4.8064537326341226E-43,
        "Z": 1.0391717913442938E+36
      },
      "Orientation94": {
        "X": 0.0,
        "Y": 0.0,
        "Z": 0.0
      }
    },
    {
      "Index": 6,
      "Address": "0x1577AC2FB60",
      "RoleHints": [
        "selected-source",
        "coord48-match",
        "coord88-match",
        "orientation60-match",
        "orientation94-match"
      ],
      "Q8": "0x1577B00C0A0",
      "Q68": "0x3F76B265",
      "Q100": null,
      "OwnerRefCount": 2,
      "SourceRefCount": 0,
      "Coord48": {
        "X": 7439.55126953125,
        "Y": 863.6438598632812,
        "Z": 2952.611083984375
      },
      "Coord88": {
        "X": 7439.55126953125,
        "Y": 863.6438598632812,
        "Z": 2952.611083984375
      },
      "Orientation60": {
        "X": 0.2671329379081726,
        "Y": 0.0,
        "Z": 0.9636595845222473
      },
      "Orientation94": {
        "X": 0.2671329379081726,
        "Y": 0.0,
        "Z": 0.9636595845222473
      }
    },
    {
      "Index": 7,
      "Address": "0x1577AC2FC80",
      "RoleHints": [],
      "Q8": null,
      "Q68": null,
      "Q100": null,
      "OwnerRefCount": 2,
      "SourceRefCount": 0,
      "Coord48": {
        "X": 4.3019862854771884E-43,
        "Y": 0.0,
        "Z": 1.1387590168442565E+25
      },
      "Coord88": {
        "X": 5.056170198829319E+35,
        "Y": 4.8064537326341226E-43,
        "Z": 5.605193857299268E-45
      },
      "Orientation60": {
        "X": 5.58113620647712E+25,
        "Y": 4.8064537326341226E-43,
        "Z": 0.0
      },
      "Orientation94": {
        "X": 0.0,
        "Y": 7.321494276111247E+25,
        "Z": 4.8064537326341226E-43
      }
    },
    {
      "Index": 8,
      "Address": "0x1577AC2FCD0",
      "RoleHints": [],
      "Q8": "0x1576BE1AED0",
      "Q68": "0x1577AD9A380",
      "Q100": "0x1577CFE01F0",
      "OwnerRefCount": 1,
      "SourceRefCount": 0,
      "Coord48": {
        "X": 7.321494276111247E+25,
        "Y": 4.8064537326341226E-43,
        "Z": 28347826176.0
      },
      "Coord88": {
        "X": 0.0,
        "Y": 0.0,
        "Z": 5.6523906438876635E+35
      },
      "Orientation60": {
        "X": 2.9616861740855427E-10,
        "Y": 6.230120507773632E-37,
        "Z": 5.650222961361273E+35
      },
      "Orientation94": {
        "X": 4.8064537326341226E-43,
        "Y": 4.203895392974451E-45,
        "Z": 0.0
      }
    },
    {
      "Index": 9,
      "Address": "0x1577AC2FE00",
      "RoleHints": [],
      "Q8": null,
      "Q68": null,
      "Q100": null,
      "OwnerRefCount": 3,
      "SourceRefCount": 0,
      "Coord48": {
        "X": 50654281728.0,
        "Y": 4.8064537326341226E-43,
        "Z": 0.0
      },
      "Coord88": {
        "X": 1.1630777253895982E-43,
        "Y": 0.0,
        "Z": 1.132505570603269E+25
      },
      "Orientation60": {
        "X": 1.1330912547276092E+25,
        "Y": 4.590513639281668E-41,
        "Z": 0.0
      },
      "Orientation94": {
        "X": 4.590513639281668E-41,
        "Y": 0.0,
        "Z": 0.0
      }
    },
    {
      "Index": 10,
      "Address": "0x1577AC2FE60",
      "RoleHints": [],
      "Q8": null,
      "Q68": "0x45B7C49700000001",
      "Q100": null,
      "OwnerRefCount": 2,
      "SourceRefCount": 0,
      "Coord48": {
        "X": 0.0,
        "Y": 0.0,
        "Z": 49406935040.0
      },
      "Coord88": {
        "X": 1.6407640983801698E+24,
        "Y": 4.590513639281668E-41,
        "Z": 0.0
      },
      "Orientation60": {
        "X": 7.441929378819682E+25,
        "Y": 4.8064537326341226E-43,
        "Z": 1.401298464324817E-45
      },
      "Orientation94": {
        "X": 0.0,
        "Y": 46288797696.0,
        "Z": 4.8064537326341226E-43
      }
    },
    {
      "Index": 11,
      "Address": "0x1577AC2FE90",