{
  "schemaVersion": 1,
  "kind": "riftreader-c2m-route",
  "name": "session-absolute-triangle",
  "coordinateMode": "absolute",
  "defaultArrivalRadius": 3.0,
  "notes": "3-leg absolute triangle with heading prestep (retry after exit0 bugfix)",
  "sourcePose": {
    "x": 7138.4873046875,
    "y": 871.3171997070312,
    "z": 3077.1396484375,
    "pid": 21436
  },
  "waypoints": [
    {
      "id": "a",
      "x": 7138.4873046875,
      "y": 871.3171997070312,
      "z": 3082.1396484375
    },
    {
      "id": "b",
      "x": 7142.4873046875,
      "y": 871.3171997070312,
      "z": 3082.1396484375
    },
    {
      "id": "c",
      "x": 7142.4873046875,
      "y": 871.3171997070312,
      "z": 3077.1396484375
    }
  ]
}
