{
  "Mode": "player-owner-components",
  "GeneratedAtUtc": "2026-04-09T06:20:31.6167249+00:00",
  "SelectorTraceFile": "C:\\RIFT MODDING\\RiftReader\\scripts\\captures\\player-selector-owner-trace.json",
  "Owner": {
    "Address": "0x1AEBC2B4C10",
    "ContainerAddress": "0x1AEF09444B0",
    "SelectedSourceAddress": "0x1AEF0941250",
    "StateRecordAddress": "0x1AEBC2B4CD8"
  },
  "EntryCount": 16,
  "Entries": [
    {
      "Index": 0,
      "Address": "0x1AEF0941540",
      "RoleHints": [],
      "Q8": null,
      "Q68": null,
      "Q100": null,
      "OwnerRefCount": 1,
      "SourceRefCount": 0,
      "Coord48": {
        "X": 0.0,
        "Y": 0.0,
        "Z": 0.0
      },
      "Coord88": {
        "X": 0.0,
        "Y": 0.0,
        "Z": 0.0
      },
      "Orientation60": {
        "X": 0.0,
        "Y": 0.0,
        "Z": 0.0
      },
      "Orientation94": {
        "X": 0.0,
        "Y": 0.0,
        "Z": 0.0
      }
    },
    {
      "Index": 1,
      "Address": "0x1AEBD0BD940",
      "RoleHints": [],
      "Q8": null,
      "Q68": "0x666623273D726F6C",
      "Q100": "0x6E6168637261572F",
      "OwnerRefCount": 1,
      "SourceRefCount": 0,
      "Coord48": {
        "X": -3.666789881158583E+29,
        "Y": 6.0255833965967134E-43,
        "Z": 4.484155085839415E-44
      },
      "Coord88": {
        "X": 2.7240536037982942E+20,
        "Y": 7.183789944090555E+22,
        "Z": 1.660292684560361E+19
      },
      "Orientation60": {
        "X": 1.8522627780722784E+28,
        "Y": 7.029233065018501E+28,
        "Z": 0.05918829143047333
      },
      "Orientation94": {
        "X": 1.7257128536375583E+25,
        "Y": 0.1635034829378128,
        "Z": 1.4926353953836623E-19
      }
    },
    {
      "Index": 2,
      "Address": "0x1AEE8E822E0",
      "RoleHints": [],
      "Q8": null,
      "Q68": "0x83",
      "Q100": "0x1AEE8E82400",
      "OwnerRefCount": 1,
      "SourceRefCount": 0,
      "Coord48": {
        "X": 4.90454462513686E-44,
        "Y": 0.0,
        "Z": -1.29222009288123E+21
      },
      "Coord88": {
        "X": 1.401298464324817E-45,
        "Y": 0.0,
        "Z": 2.1019476964872256E-44
      },
      "Orientation60": {
        "X": 4.484155085839415E-44,
        "Y": 0.0,
        "Z": 1.8357009882655104E-43
      },
      "Orientation94": {
        "X": 0.0,
        "Y": 0.0,
        "Z": 0.0
      }
    },
    {
      "Index": 3,
      "Address": "0x1AEBA338660",
      "RoleHints": [],
      "Q8": null,
      "Q68": "0x1AEBCFF6600",
      "Q100": null,
      "OwnerRefCount": 2,
      "SourceRefCount": 0,
      "Coord48": {
        "X": 0.0,
        "Y": 0.0,
        "Z": -0.010455146431922913
      },
      "Coord88": {
        "X": 9.388699710976274E-44,
        "Y": 0.0,
        "Z": 1.010204610852393E-38
      },
      "Orientation60": {
        "X": -14482361286656.0,
        "Y": 6.0255833965967134E-43,
        "Z": -0.03117656707763672
      },
      "Orientation94": {
        "X": 9.642889647210939E-39,
        "Y": 1.1112257585738798E-38,
        "Z": 4.4081738805067944E-39
      }
    },
    {
      "Index": 4,
      "Address": "0x1AEBA336D70",
      "RoleHints": [],
      "Q8": null,
      "Q68": "0x1AEC6BE3790",
      "Q100": null,
      "OwnerRefCount": 1,
      "SourceRefCount": 0,
      "Coord48": {
        "X": 0.0,
        "Y": 0.0,
        "Z": 0.0
      },
      "Coord88": {
        "X": 9.388699710976274E-44,
        "Y": 0.0,
        "Z": 1.010204610852393E-38
      },
      "Orientation60": {
        "X": -33.01995849609375,
        "Y": 6.0255833965967134E-43,
        "Z": -24347.78125
      },
      "Orientation94": {
        "X": 9.642889647210939E-39,
        "Y": 1.1112257585738798E-38,
        "Z": 4.4081738805067944E-39
      }
    },
    {
      "Index": 5,
      "Address": "0x1AEF09419B0",
      "RoleHints": [],
      "Q8": "0x1AEBD0BD980",
      "Q68": "0x1AEC20447E0",
      "Q100": "0xB8080000000001",
      "OwnerRefCount": 1,
      "SourceRefCount": 0,
      "Coord48": {
        "X": -3.943395068282029E+22,
        "Y": 6.0255833965967134E-43,
        "Z": 4.869792423221604E-39
      },
      "Coord88": {
        "X": 0.0,
        "Y": 0.0,
        "Z": 3.363116314379561E-44
      },
      "Orientation60": {
        "X": -33.10076904296875,
        "Y": 6.0255833965967134E-43,
        "Z": -33.0701904296875
      },
      "Orientation94": {
        "X": 0.0,
        "Y": 0.0,
        "Z": 0.0
      }
    },
    {
      "Index": 6,
      "Address": "0x1AEF0941250",
      "RoleHints": [
        "selected-source",
        "coord48-match",
        "coord88-match",
        "orientation60-match",
        "orientation94-match"
      ],
      "Q8": "0x1AEDEDDE6E0",
      "Q68": "0xBF012178",
      "Q100": null,
      "OwnerRefCount": 1,
      "SourceRefCount": 0,
      "Coord48": {
        "X": 7457.2431640625,
        "Y": 885.5751953125,
        "Z": 3043.991943359375
      },
      "Coord88": {
        "X": 7457.2431640625,
        "Y": 885.5751953125,
        "Z": 3043.991943359375
      },
      "Orientation60": {
        "X": 0.863460123538971,
        "Y": 0.0,
        "Z": -0.5044169425964355
      },
      "Orientation94": {
        "X": 0.8634644746780396,
        "Y": 0.0,
        "Z": -0.5044094920158386
      }
    },
    {
      "Index": 7,
      "Address": "0x1AEBA3386A0",
      "RoleHints": [],
      "Q8": null,
      "Q68": "0x38003200360033",
      "Q100": "0x1AEB69CD8D0",
      "OwnerRefCount": 1,
      "SourceRefCount": 0,
      "Coord48": {
        "X": 9.388699710976274E-44,
        "Y": 0.0,
        "Z": 1.010204610852393E-38
      },
      "Coord88": {
        "X": 4.75040179406113E-43,
        "Y": 0.0,
        "Z": 4.658084627900438E-35
      },
      "Orientation60": {
        "X": 5.0510209523142686E-39,
        "Y": 4.591850478016634E-39,
        "Z": 4.959188258753206E-39
      },
      "Orientation94": {
        "X": 4.590373509435236E-41,
        "Y": 0.0,
        "Z": 0.0
      }
    },
    {
      "Index": 8,
      "Address": "0x1AEF0941AF0",
      "RoleHints": [],
      "Q8": "0x1AEE271B860",
      "Q68": "0x1AEE9609CD0",
      "Q100": "0x1AEEFC3E890",
      "OwnerRefCount": 1,
      "SourceRefCount": 0,
      "Coord48": {
        "X": -5.364169061446662E+22,
        "Y": 6.0255833965967134E-43,
        "Z": -4126704402432.0
      },
      "Coord88": {
        "X": 0.0,
        "Y": 0.0,
        "Z": -3.671344509183981E+29
      },
      "Orientation60": {
        "X": 2.9616861740855427E-10,
        "Y": 6.230120507773632E-37,
        "Z": -1.6971244355485746E+25
      },
      "Orientation94": {
        "X": 6.0255833965967134E-43,
        "Y": 4.203895392974451E-45,
        "Z": 1.974714280081618E-38
      }
    },
    {
      "Index": 9,
      "Address": "0x1AED4E33890",
      "RoleHints": [],
      "Q8": null,
      "Q68": null,
      "Q100": "0x1AED4B17A98",
      "OwnerRefCount": 2,
      "SourceRefCount": 0,
      "Coord48": {
        "X": -1.1996724716186546E+23,
        "Y": 6.0255833965967134E-43,
        "Z": 0.0
      },
      "Coord88": {
        "X": 9.388699710976274E-44,
        "Y": 0.0,
        "Z": 1.010204610852393E-38
      },
      "Orientation60": {
        "X": 4.3440462611259753E-35,
        "Y": 4.590373509435236E-41,
        "Z": 0.0
      },
      "Orientation94": {
        "X": 9.642889647210939E-39,
        "Y": 1.1112257585738798E-38,
        "Z": 4.4081738805067944E-39
      }
    },
    {
      "Index": 10,
      "Address": "0x1AED4E94060",
      "RoleHints": [],
      "Q8": null,
      "Q68": "0x1AED4E94090",
      "Q100": "0x1AED4B16888",
      "OwnerRefCount": 1,
      "SourceRefCount": 0,
      "Coord48": {
        "X": -6095556837376.0,
        "Y": 6.0255833965967134E-43,
        "Z": -8014585135104.0
      },
      "Coord88": {
        "X": 0.0,
        "Y": 0.0,
        "Z": 1.401298464324817E-45
      },
      "Orientation60": {
        "X": -6095703638016.0,
        "Y": 6.0255833965967134E-43,